{
  "project_info": {
    "project_number": "143900041420",
    "project_id": "praktikum-firebase-e821e",
    "storage_bucket": "praktikum-firebase-e821e.appspot.com"
  },
  "client": [
    {
      "client_info": {
        "mobilesdk_app_id": "1:143900041420:android:4a6c9e3ac52479cf16a269",
        "android_client_info": {
          "package_name": "com.example.aplikasifirebase"
        }
      },
      "oauth_client": [
        {
          "client_id": "143900041420-o56n6vr11a7jjoafqcui805mt1epavqv.apps.googleusercontent.com",
          "client_type": 3
        }
      ],
      "api_key": [
        {
          "current_key": "AIzaSyCIAz6sr5iucZww7V5mVStFx9LswmgNhVw"
        }
      ],
      "services": {
        "appinvite_service": {
          "other_platform_oauth_client": [
            {
              "client_id": "143900041420-o56n6vr11a7jjoafqcui805mt1epavqv.apps.googleusercontent.com",
              "client_type": 3
            }
          ]
        }
      }
    }
  ],
  "configuration_version": "1"
}